Event Name,Event Start,Event End,Event Location,Event Description
Book Fair Week,2024-12-05 07:30 AM,2024-12-05 02:30 PM,"Coopertown Middle School (3820 Highway 49 W, Springfield, TN 37172, United States)","Shop online at
Book Fair Homepage<https://bookfairs.scholastic.com/bf/coopertownmiddlelibrary>
"
Benchmark Testing,2024-12-09,2024-12-10,"Coopertown Middle School (3820 Highway 49 W, Springfield, TN 37172, United States)","Monday- ELA
Tuesday- Social Studies
Wednesday- Mathematics
Thursday- Science
"
Band Concert,2024-12-10 06:30 PM,2024-12-10 07:30 PM,"Coopertown Middle School (3820 Highway 49 W, Springfield, TN 37172, United States)","
"
Student Council Field Trip,2024-12-12,2024-12-13,,"
"
Merry Monday Morning (Dress-Up Day),2024-12-16,2024-12-17,"Coopertown Middle School (3820 Highway 49 W, Springfield, TN 37172, United States)","Wear your most festive holiday Pajamas
"
Choir Concert,2024-12-16 06:30 PM,2024-12-16 07:30 PM,"Coopertown Middle School (3820 Highway 49 W, Springfield, TN 37172, United States)","
"
Twinkly Tuesday (Dress-Up Day),2024-12-17,2024-12-18,"Coopertown Middle School (3820 Highway 49 W, Springfield, TN 37172, United States)","Wera your ugliest, twinklyest sweater
"
"Wednesday, Jingle Bells and Tinsel Toes (Dress-Up Day)",2024-12-18,2024-12-19,"Coopertown Middle School (3820 Highway 49 W, Springfield, TN 37172, United States)","Wear your Christmas socks and all the Christmas accessories
"
8th Grade Career Field Trip,2024-12-18,2024-12-19,,"
"
Big Three Thursday (Dress-Up Week),2024-12-19,2024-12-20,"Coopertown Middle School (3820 Highway 49 W, Springfield, TN 37172, United States)","Wear as much red, white, and green as you can.
"
Reward Day Field Trip,2024-12-19,2024-12-20,"The City Forum (2231 Madison St Ste T, Clarksville, TN 37043, United States)","
"
Festive Friday (Dress-Up Day),2024-12-20 06:30 AM,2024-12-20 11:00 AM,"Coopertown Middle School (3820 Highway 49 W, Springfield, TN 37172, United States)","Wear your favorite holiday shirt
"
Last Day for Yearbook Orders,2025-01-09,2025-01-10,"Coopertown Middle School (3820 Highway 49 W, Springfield, TN 37172, United States)","Price increases to $35 after today
Order online at www.mericrisp.com<http://www.mericrisp.com> or call 615-746-1234
"
4H Meeting,2025-01-14 07:30 AM,2025-01-14 08:00 AM,"Coopertown Middle School (3820 Highway 49 W, Springfield, TN 37172, United States)","
"
Candy Fundraiser,2025-01-17,2025-01-18,"Coopertown Middle School (3820 Highway 49 W, Springfield, TN 37172, United States)","
"
Picture Retakes,2025-01-23,2025-01-24,"Coopertown Middle School (3820 Highway 49 W, Springfield, TN 37172, United States)","Picture Retakes and Pictures for new students
"
Kona Ice ,2025-01-28,2025-01-29,"Coopertown Middle School (3820 Highway 49 W, Springfield, TN 37172, United States)","
"
Future SHS Freshmen Tours,2025-02-06 08:45 AM,2025-02-06 11:15 AM,"Springfield High School (5240 Highway 76 E, Springfield, TN 37172, United States)","
"
Future Freshman SHS Parent Night,2025-02-06 06:00 PM,2025-02-06 08:00 PM,"Springfield High School (5240 Highway 76 E, Springfield, TN 37172, United States)","
"
AH Dress Up Day (Kick Out Heart Disease),2025-02-10,2025-02-11,"Coopertown Middle School (3820 Highway 49 W, Springfield, TN 37172, United States)","Wear your favorite team color, shirt, or jersey
"
AH Dress Up Day (Be a Heart Hero),2025-02-11,2025-02-12,"Coopertown Middle School (3820 Highway 49 W, Springfield, TN 37172, United States)","Superhero Day
"
AH Dress Up Day (Don't Let Your Heart Get Wacky),2025-02-12,2025-02-13,"Coopertown Middle School (3820 Highway 49 W, Springfield, TN 37172, United States)","Mix-Match Day
"
Freshmen Course Selection Day,2025-02-12 04:00 PM,2025-02-12 07:00 PM,"Springfield High School (5240 Highway 76 E, Springfield, TN 37172, United States)","
"
AH Dress Up Day (On the Hunt for Heart Health),2025-02-13,2025-02-14,"Coopertown Middle School (3820 Highway 49 W, Springfield, TN 37172, United States)","Wear your Camo Gear
"
AH Dress Up Day (Red Out Day),2025-02-14,2025-02-15,"Coopertown Middle School (3820 Highway 49 W, Springfield, TN 37172, United States)","Wear Red and/or Hearts
"
Freshmen Course Selection Day,2025-02-15 09:00 AM,2025-02-15 12:00 PM,"Springfield High School (5240 Highway 76 E, Springfield, TN 37172, United States)","
"
SHS Spirit Gear Sale during Lunch,2025-02-20 11:00 AM,2025-02-20 01:00 PM,"Coopertown Middle School (3820 Highway 49 W, Springfield, TN 37172, United States)","
"
Parent-Teacher Conferences,2025-02-20 03:30 PM,2025-02-20 06:30 PM,"Coopertown Middle School (3820 Highway 49 W, Springfield, TN 37172, United States)","Everyone is welcome.  Reach out to your child's teacher to schedule a time.
"
Choir Festival,2025-02-25,2025-02-26,,"
"
Kona Ice ,2025-02-25,2025-02-26,"Coopertown Middle School (3820 Highway 49 W, Springfield, TN 37172, United States)","
"
CMS Literacy Night,2025-03-04 04:00 PM,2025-03-04 06:00 PM,"Coopertown Middle School (3820 Highway 49 W, Springfield, TN 37172, United States)","
"
Parent-Teacher Conferences,2025-03-11 03:30 PM,2025-03-11 06:30 PM,"Coopertown Middle School (3820 Highway 49 W, Springfield, TN 37172, United States)","Everyone is welcome.  Reach out to your child's teacher to schedule a time.
"
Kona Ice ,2025-03-25,2025-03-26,"Coopertown Middle School (3820 Highway 49 W, Springfield, TN 37172, United States)","
"
4H Meeting,2025-03-25 07:30 AM,2025-03-25 08:00 AM,"Coopertown Middle School (3820 Highway 49 W, Springfield, TN 37172, United States)","
"
Pride & Prejudice (Local HS),2025-03-28 09:00 AM,2025-03-28 11:00 AM,"Coopertown Middle School (3820 Highway 49 W, Springfield, TN 37172, United States)","
"
Spring Fling Dance,2025-04-08 06:00 PM,2025-04-08 08:00 PM,"Coopertown Middle School (3820 Highway 49 W, Springfield, TN 37172, United States)","-Tickets are $6 and available at the gate or online at GoFan
-Semi casual dress
"
RISE Field Trip,2025-04-10,2025-04-11,"Austin Peay State University (601 College St, Clarksville, TN 37044, United States)","Math Contest
"
Kona Ice ,2025-04-22,2025-04-23,"Coopertown Middle School (3820 Highway 49 W, Springfield, TN 37172, United States)","
"
Beta Introduction,2025-04-24 06:00 PM,2025-04-24 06:30 PM,"Coopertown Middle School (3820 Highway 49 W, Springfield, TN 37172, United States)","
"
Candy Fundraiser,2025-04-25,2025-04-26,"Coopertown Middle School (3820 Highway 49 W, Springfield, TN 37172, United States)","
"
Autism Awareness Dress-Up (Magnificent Mind Monday),2025-04-28,2025-04-29,"Coopertown Middle School (3820 Highway 49 W, Springfield, TN 37172, United States)","Wear a hat or fun headband to celebrate all the wonderful ways our minds are able to work.
"
Autism Awareness Dress-Up (Light it Up Blue Tuesday),2025-04-29,2025-04-30,"Coopertown Middle School (3820 Highway 49 W, Springfield, TN 37172, United States)","Wear blue for awareness, acceptance, and appreciation
"
Autism Awareness Dress-Up (What's Your Passion Wednesday),2025-04-30,2025-05-01,"Coopertown Middle School (3820 Highway 49 W, Springfield, TN 37172, United States)","Dress in a way that shows your favorite interests or hobbies (favorite superhero, favorite book character, etc)
"
Autism Awareness Dress-Up (Born to Stand Out Thursday),2025-05-01,2025-05-02,"Coopertown Middle School (3820 Highway 49 W, Springfield, TN 37172, United States)","Wear Bright Colors
"
Cookie Sale,2025-05-01 07:00 AM,2025-05-01 08:00 AM,"Coopertown Middle School (3820 Highway 49 W, Springfield, TN 37172, United States)","
"
Candy Fundraiser,2025-05-02,2025-05-03,"Coopertown Middle School (3820 Highway 49 W, Springfield, TN 37172, United States)","
"
Autism Awareness Dress-Up (CMS Support),2025-05-02,2025-05-03,"Coopertown Middle School (3820 Highway 49 W, Springfield, TN 37172, United States)","Wear Purple and Gold
"
Elementary School Visits,2025-05-05,2025-05-06,"Coopertown Middle School (3820 Highway 49 W, Springfield, TN 37172, United States)","
"
Kona Ice ,2025-05-06,2025-05-07,"Coopertown Middle School (3820 Highway 49 W, Springfield, TN 37172, United States)","
"
Choir Concert,2025-05-06 06:30 PM,2025-05-06 07:00 PM,"Coopertown Middle School (3820 Highway 49 W, Springfield, TN 37172, United States)","
"
Play: A Night Under the Stars,2025-05-09 07:00 PM,2025-05-09 09:00 PM,"Coopertown Middle School (3820 Highway 49 W, Springfield, TN 37172, United States)","Performed by the CMS Drama Club;

Join the cast at 5:30pm for some desserts and games
"
Play: A Night Under the Stars,2025-05-10 02:00 PM,2025-05-10 04:00 PM,"Coopertown Middle School (3820 Highway 49 W, Springfield, TN 37172, United States)","Performed by the CMS Drama Club;

"
Awards Night (6th & 7th Grade),2025-05-12 06:30 PM,2025-05-12 07:00 PM,"Coopertown Middle School (3820 Highway 49 W, Springfield, TN 37172, United States)","
"
Band Concert,2025-05-13 06:30 PM,2025-05-13 07:00 PM,"Coopertown Middle School (3820 Highway 49 W, Springfield, TN 37172, United States)","
"
Reward Day,2025-05-15,2025-05-16,"Coopertown Middle School (3820 Highway 49 W, Springfield, TN 37172, United States)","Includes Gaming trucks, a dunk tank, inflatables, painting, and more
"
Awards Night (8th Grade),2025-05-19 06:30 PM,2025-05-19 07:00 PM,"Coopertown Middle School (3820 Highway 49 W, Springfield, TN 37172, United States)","
"
8th Grade Breakfast,2025-05-20 07:30 AM,2025-05-20 08:00 AM,"Coopertown Middle School (3820 Highway 49 W, Springfield, TN 37172, United States)","
"
Open House (6th Grade Only),2025-07-30 03:30 PM,2025-07-30 06:30 PM,"Coopertown Middle School (3820 Highway 49 W, Springfield, TN 37172, United States)","
"
Open House (7th and 8th Grade Only),2025-08-01 03:30 PM,2025-08-01 06:30 PM,"Coopertown Middle School (3820 Highway 49 W, Springfield, TN 37172, United States)","
"
Half Day of School (CMS),2025-08-05 06:55 AM,2025-08-05 10:55 AM,"Coopertown Middle School (3820 Highway 49 W, Springfield, TN 37172, United States)","
"
Candy Fundraiser,2025-08-22,2025-08-23,"Coopertown Middle School (3820 Highway 49 W, Springfield, TN 37172, United States)","
"
Kona Ice,2025-08-26,2025-08-27,"Coopertown Middle School (3820 Highway 49 W, Springfield, TN 37172, United States)","
"
Club Meetings,2025-08-29 07:30 AM,2025-08-29 08:00 AM,"Coopertown Middle School (3820 Highway 49 W, Springfield, TN 37172, United States)","During ETS Time
"
School Spirit Week (School Spirit Day),2025-09-02,2025-09-03,"Coopertown Middle School (3820 Highway 49 W, Springfield, TN 37172, United States)","Wear your school colors to celebrate tonight's homecoming football game.
"
School Spirit Week (Disney Day),2025-09-03,2025-09-04,"Coopertown Middle School (3820 Highway 49 W, Springfield, TN 37172, United States)","Dress as your favorite Disney character
"
School Spirit Week (Camo Day),2025-09-04,2025-09-05,"Coopertown Middle School (3820 Highway 49 W, Springfield, TN 37172, United States)","Dress up in your camo gear
"
School Spirit Week (Beach Day),2025-09-05,2025-09-06,"Coopertown Middle School (3820 Highway 49 W, Springfield, TN 37172, United States)","Dress up in your beach attire (must meet dress code)
"
Volleyball Postseason Meeting,2025-09-11 07:00 AM,2025-09-11 08:00 AM,"Robertson County Schools (800 Ms Couts Blvd, Springfield, TN 37172, United States)","
"
Club Meetings,2025-09-12 07:30 AM,2025-09-12 08:00 AM,"Coopertown Middle School (3820 Highway 49 W, Springfield, TN 37172, United States)","During ETS Time
"
Fall Picture Day,2025-09-16,2025-09-17,"Coopertown Middle School (3820 Highway 49 W, Springfield, TN 37172, United States)","
"
Kofee Broz,2025-09-18,2025-09-19,"Coopertown Middle School (3820 Highway 49 W, Springfield, TN 37172, United States)","Cinnamon Rolls for $5
"
Cotton Candy Fundraiser,2025-09-23,2025-09-24,"Coopertown Middle School (3820 Highway 49 W, Springfield, TN 37172, United States)","1 for $6 or 2 for $10
"
4H Meetings,2025-09-24,2025-09-25,"Coopertown Middle School (3820 Highway 49 W, Springfield, TN 37172, United States)","6th Grade during 3rd Period
7th Grade during 4th Period
8th Grade during 9th Period
"
Club Meetings,2025-09-26 07:30 AM,2025-09-26 08:00 AM,"Coopertown Middle School (3820 Highway 49 W, Springfield, TN 37172, United States)","During ETS Time
"
Kona Ice,2025-09-30,2025-10-01,"Coopertown Middle School (3820 Highway 49 W, Springfield, TN 37172, United States)","
"
Title One day,2025-09-30 07:30 AM,2025-09-30 09:30 AM,Coopertown Middle School,"[cid:960a02ae-ae56-4565-b88b-5928d37175b0][X]
"
Girls Soccer County Championship,2025-10-01 06:00 PM,2025-10-01 07:30 PM,Innovation Academy of Robertson County,"
"
Book Fair,2025-10-06,2025-10-07,"Coopertown Middle School (3820 Highway 49 W, Springfield, TN 37172, United States)","  *
Students with money can come any time between 7-7:20.
  *
Each ELA class is scheduled to come once during the library time
  *
Scholastic accepts cash, credit cards, and tap to pay (Apple pay, Google Pay, etc). Students and parents can also set up an EWallet through our school's book fair website.
  *
 Families can go to the website (https://bookfairs.scholastic.com/bf/coopertownmiddleschool)to contribute to our ""Share the Fair"" fund, which helps students in need get something from the fair.

"
Q1 Reward Day Field Trip,2025-10-09,2025-10-10,"Honeysuckle Hill Farm (1765 Martins Chapel Church Rd, Springfield, TN 37172, United States)","
"
Club Meetings,2025-10-10 07:30 AM,2025-10-10 08:00 AM,"Coopertown Middle School (3820 Highway 49 W, Springfield, TN 37172, United States)","During ETS Time
"
Homeroom Competitions ,2025-10-10 12:30 PM,2025-10-10 02:30 PM,"Coopertown Middle School (3820 Highway 49 W, Springfield, TN 37172, United States)","
"
Junior Beta Car Wash,2025-10-11 11:00 AM,2025-10-11 03:00 PM,"Tractor Supply Co. (3556 Tom Austin Highway, Springfield, TN 37172, United States)","
"
Student Council Elections,2025-10-23 07:30 AM,2025-10-23 08:00 AM,"Coopertown Middle School (3820 Highway 49 W, Springfield, TN 37172, United States)","
"
Red Ribbon Week (Wear Red Day),2025-10-24,2025-10-25,"Coopertown Middle School (3820 Highway 49 W, Springfield, TN 37172, United States)","Rally in Red- Stand up to drugs and wear red
"
Club Meetings,2025-10-24 07:30 AM,2025-10-24 08:00 AM,"Coopertown Middle School (3820 Highway 49 W, Springfield, TN 37172, United States)","During ETS Time
"
Red Ribbon Week (Career Day),2025-10-27,2025-10-28,"Coopertown Middle School (3820 Highway 49 W, Springfield, TN 37172, United States)","Piece together a drug free life- Dress as your future self or what you want to be when you grow up (doctor, teacher, fireman, etc)
"
Red Ribbon Week (Dynamic Duo Day),2025-10-28,2025-10-29,"Coopertown Middle School (3820 Highway 49 W, Springfield, TN 37172, United States)","Double up against drugs- Dynamic Duo Day//Twin Day (Superhero vs. Villain, Double/triple or group up against drugs)
"
Kona Ice,2025-10-28,2025-10-29,"Coopertown Middle School (3820 Highway 49 W, Springfield, TN 37172, United States)","
"
Make-Up Picture Day,2025-10-28,2025-10-29,"Coopertown Middle School (3820 Highway 49 W, Springfield, TN 37172, United States)","
"
EL Night,2025-10-28 03:30 PM,2025-10-28 05:30 PM,"Coopertown Middle School (3820 Highway 49 W, Springfield, TN 37172, United States)","
"
Red Ribbon Week (Mix-Up Day),2025-10-29,2025-10-30,"Coopertown Middle School (3820 Highway 49 W, Springfield, TN 37172, United States)","Don't get mixed up in drugs (Teachers dress like your students, students dress up like your teachers)
"
Red Ribbon Week (Anything but a Backpack Day),2025-10-30,2025-10-31,"Coopertown Middle School (3820 Highway 49 W, Springfield, TN 37172, United States)","Turn your back on drugs- Anything but a Backpack Day (Students can bring a variety of creative and fun alternatives to school (like a laundry basketball, beach pail, tool box, pizza box, etc)
"
Candy Fundraiser,2025-10-31,2025-11-01,"Coopertown Middle School (3820 Highway 49 W, Springfield, TN 37172, United States)","
"
Red Ribbon Week (Hallway Decoration Winner Revealed),2025-10-31,2025-11-01,"Coopertown Middle School (3820 Highway 49 W, Springfield, TN 37172, United States)","
"
Red Ribbon Week (Halloween Costume Day),2025-10-31,2025-11-01,"Coopertown Middle School (3820 Highway 49 W, Springfield, TN 37172, United States)","Drugs are scary- Wear your halloween costume for $1 (money goes to the drama club)
"
Parent-Teacher Conferences,2025-11-04 12:00 PM,2025-11-04 07:00 PM,"Coopertown Middle School (3820 Highway 49 W, Springfield, TN 37172, United States)","
"
4H Meetings,2025-11-05,2025-11-06,"Coopertown Middle School (3820 Highway 49 W, Springfield, TN 37172, United States)","6th Grade during 3rd Period
7th Grade during 4th Period
8th Grade during 9th Period
"
Club Meetings,2025-11-14 07:30 AM,2025-11-14 08:00 AM,"Coopertown Middle School (3820 Highway 49 W, Springfield, TN 37172, United States)","During ETS Time
"
Candy Fundraiser,2025-11-21,2025-11-22,"Coopertown Middle School (3820 Highway 49 W, Springfield, TN 37172, United States)","
"
Kona Ice,2025-11-25,2025-11-26,"Coopertown Middle School (3820 Highway 49 W, Springfield, TN 37172, United States)","
"
School Spirit Week (Favorite Holiday Day),2025-12-01,2025-12-02,"Coopertown Middle School (3820 Highway 49 W, Springfield, TN 37172, United States)","Dress up as your favorite Holiday
"
School Spirit Week (Meme Day),2025-12-03,2025-12-04,"Coopertown Middle School (3820 Highway 49 W, Springfield, TN 37172, United States)","Dress up as your favorite Meme
"
School Spirit Week (Spirit Day),2025-12-04,2025-12-05,"Coopertown Middle School (3820 Highway 49 W, Springfield, TN 37172, United States)","Run Pep Rally Schedule

Homecoming Game
"
School Spirit Week (Dress As The First Letter in Your Name),2025-12-05,2025-12-06,"Coopertown Middle School (3820 Highway 49 W, Springfield, TN 37172, United States)","Dress Up As something that begins in the first letter of your name
"
Benchmark Testing: Math,2025-12-08,2025-12-09,"Coopertown Middle School (3820 Highway 49 W, Springfield, TN 37172, United States)","
"
Benchmark Testing: ELA,2025-12-09,2025-12-10,"Coopertown Middle School (3820 Highway 49 W, Springfield, TN 37172, United States)","
"
Art Night & Title One Family Engagement Night,2025-12-09 05:00 PM,2025-12-09 07:00 PM,"Coopertown Middle School (3820 Highway 49 W, Springfield, TN 37172, United States)","[cid:67e40095-e1c1-4b06-b166-600fce9977e0][cid:754f19ce-8a35-4035-a1d0-655df5ebec5e]
"
Band Concert,2025-12-09 06:00 PM,2025-12-09 06:30 PM,"Coopertown Middle School (3820 Highway 49 W, Springfield, TN 37172, United States)","
"
7th Grade Field Trip,2025-12-10,2025-12-11,"TPAC STAGE DOOR (501 Union St, Nashville, TN 37219, United States)","
"
Reward Day Field Trip Permission Forms Go Home,2025-12-10,2025-12-11,"Coopertown Middle School (3820 Highway 49 W, Springfield, TN 37172, United States)","
"
Benchmark Testing: Science & Social Studies,2025-12-11,2025-12-12,"Coopertown Middle School (3820 Highway 49 W, Springfield, TN 37172, United States)","
"
Choir Concert,2025-12-11 06:00 PM,2025-12-11 06:30 PM,"Coopertown Middle School (3820 Highway 49 W, Springfield, TN 37172, United States)","
"
Benchmark Testing: Makeups,2025-12-12,2025-12-13,"Coopertown Middle School (3820 Highway 49 W, Springfield, TN 37172, United States)","
"
Club Meetings,2025-12-12 07:30 AM,2025-12-12 08:00 AM,"Coopertown Middle School (3820 Highway 49 W, Springfield, TN 37172, United States)","During ETS Time
"
Field Trip Permission Forms due Back,2025-12-15,2025-12-16,"Coopertown Middle School (3820 Highway 49 W, Springfield, TN 37172, United States)","
"
Kona Ice,2025-12-17,2025-12-18,"Coopertown Middle School (3820 Highway 49 W, Springfield, TN 37172, United States)","
"
Q2 Reward Day Field Trip,2025-12-18,2025-12-19,"The City Forum (2231 Madison St, Clarksville, TN 37043, United States)","
"
Club Meetings,2026-01-16 07:30 AM,2026-01-16 08:00 AM,"Coopertown Middle School (3820 Highway 49 W, Springfield, TN 37172, United States)","During ETS Time
"
Kona Ice,2026-01-27,2026-01-28,"Coopertown Middle School (3820 Highway 49 W, Springfield, TN 37172, United States)","
"
4H Meetings,2026-01-28,2026-01-29,"Coopertown Middle School (3820 Highway 49 W, Springfield, TN 37172, United States)","6th Grade during 3rd Period
7th Grade during 4th Period
8th Grade during 9th Period
"
Club Meetings,2026-01-30 07:30 AM,2026-01-30 08:00 AM,"Coopertown Middle School (3820 Highway 49 W, Springfield, TN 37172, United States)","During ETS Time
"
Club Meetings,2026-02-13 07:30 AM,2026-02-13 08:00 AM,"Coopertown Middle School (3820 Highway 49 W, Springfield, TN 37172, United States)","During ETS Time
"
Kona Ice,2026-02-24,2026-02-25,"Coopertown Middle School (3820 Highway 49 W, Springfield, TN 37172, United States)","
"
Club Meetings,2026-02-27 07:30 AM,2026-02-27 08:00 AM,"Coopertown Middle School (3820 Highway 49 W, Springfield, TN 37172, United States)","During ETS Time
"
Club Meetings,2026-03-13 07:30 AM,2026-03-13 08:00 AM,"Coopertown Middle School (3820 Highway 49 W, Springfield, TN 37172, United States)","During ETS Time
"
Club Meetings,2026-03-27 07:30 AM,2026-03-27 08:00 AM,"Coopertown Middle School (3820 Highway 49 W, Springfield, TN 37172, United States)","During ETS Time
"
Kona Ice,2026-03-31,2026-04-01,"Coopertown Middle School (3820 Highway 49 W, Springfield, TN 37172, United States)","
"
4H Meetings,2026-04-08,2026-04-09,"Coopertown Middle School (3820 Highway 49 W, Springfield, TN 37172, United States)","6th Grade during 3rd Period
7th Grade during 4th Period
8th Grade during 9th Period
"
Club Meetings,2026-04-10 07:30 AM,2026-04-10 08:00 AM,"Coopertown Middle School (3820 Highway 49 W, Springfield, TN 37172, United States)","During ETS Time
"
Club Meetings,2026-04-24 07:30 AM,2026-04-24 08:00 AM,"Coopertown Middle School (3820 Highway 49 W, Springfield, TN 37172, United States)","During ETS Time
"
Kona Ice,2026-04-28,2026-04-29,"Coopertown Middle School (3820 Highway 49 W, Springfield, TN 37172, United States)","
"
Club Meetings,2026-05-08 07:30 AM,2026-05-08 08:00 AM,"Coopertown Middle School (3820 Highway 49 W, Springfield, TN 37172, United States)","During ETS Time
"
Kona Ice,2026-05-19,2026-05-20,"Coopertown Middle School (3820 Highway 49 W, Springfield, TN 37172, United States)","
"
