Event Name,Event Start,Event End,Event Location,Event Description
HS Football at Jackson County,2024-10-31 07:00 PM,2024-10-31 07:30 PM,,"
"
MS Basketball @ Coopertown Middle,2024-11-04 04:00 PM,2024-11-04 07:30 PM,"Coopertown Middle School (3820 Highway 49 W, Springfield, TN 37172, United States)","JV at 4:00, Varsity at 6:00
"
MS Basketball at ERHS vs. Greenbrier Middle [In-person],2024-11-07 04:00 PM,2024-11-07 08:00 PM,,"JV @ 4 and Varsity @ 6
"
MS Wrestling at Greenbrier Middle,2024-11-07 05:00 PM,2024-11-07 06:30 PM,"Greenbrier Middle School (2450 Highway 41 S, Greenbrier, TN 37073, United States)","
"
MS Basketball at WHHHS ,2024-11-11 04:00 PM,2024-11-11 08:00 PM,"White House Heritage High School (7744 Highway 76 E, White House, TN 37188, United States)","JV @ 4 and Varsity @ 6
"
MS Wrestling vs Harpeth/Dickson [In-person],2024-11-12 05:00 PM,2024-11-12 07:00 PM,,"
"
MS Wrestling vs. Harpeth/Burns at Harpeth,2024-11-14 04:30 PM,2024-11-14 06:30 PM,"Harpeth Middle School (170 Harpeth View Trl, Kingston Springs, TN 37082, United States)","
"
HS Basketball Jamboree @ Heritage TBD,2024-11-16 08:00 AM,2024-11-16 08:30 AM,"White House Heritage High School (7744 Highway 76 E, White House, TN 37188, United States)","
"
MS Basketball at ERHS vs. Innovation Academy of Robertson County [In-person],2024-11-18 04:30 PM,2024-11-18 08:30 PM,,"JV @ 4:30 and Varsity @ 6
"
MS Wrestling vs Burns/Fairview/Coopertown [In-person],2024-11-19 05:30 PM,2024-11-19 07:30 PM,,"
"
HS Wrestling @ Hendersonville & White House TBD,2024-11-21 08:00 AM,2024-11-21 08:30 AM,"Hendersonville High School (123 Cherokee Rd, Hendersonville, TN 37075, United States)","
"
MS Basketball at Jo Burns,2024-11-21 04:00 PM,2024-11-21 08:00 PM,"Jo Byrns High School (7025 Highway 41 N, Cedar Hill, TN 37032, United States)","JV @ 4 and Varsity @ 6
"
Hall of Champions Week @ Gordonsville,2024-11-23 06:00 PM,2024-11-23 07:30 PM,"Gordonsville High School (110 Main St E, Gordonsville, TN 38563, United States)","
"
MS Wrestling vs. Sycamore/Coopertown at Sycamore,2024-11-25 04:30 PM,2024-11-25 06:30 PM,"Sycamore Middle School (1025 Old Clarksville Pike, Pleasant View, TN 37146, United States)","
"
MS Wrestling vs. Cheatham County/Charlotte DH/HS at CCCHS,2024-11-26 04:30 PM,2024-11-26 06:30 PM,Cheatham County Central High School,"
"
HS Wrestling @ Cheatham County & Creekwood,2024-11-26 04:30 PM,2024-11-26 05:00 PM,,"
"
HS Basketball @ McEwen,2024-11-26 06:00 PM,2024-11-26 07:30 PM,"McEwen High School (335 Melrose St, Mc Ewen, TN 37101, United States)","
"
MS Basketball at Innovation Academy of Robertson County,2024-12-02 04:30 PM,2024-12-02 08:30 PM,"Innovation Academy of Robertson County (715 5th Ave W, Springfield, TN 37172, United States)","JV @ 4:30 and Varsity @ 6
"
MS Wrestling vs. Greenbrier/Dickson at Greenbrier,2024-12-02 04:30 PM,2024-12-02 06:30 PM,"Greenbrier Middle School (2450 Highway 41 S, Greenbrier, TN 37073, United States)","
"
HS Wrestling Vs Hunter's Lane & East Nashville,2024-12-03 04:30 PM,2024-12-03 06:30 PM,,"
"
MS Wrestling TMSAA Regional at ERHS [In-person] Time TBD,2024-12-04 04:30 PM,2024-12-04 06:30 PM,,"
"
MS Basketball vs WHHHS at Home [In-person],2024-12-05 04:00 PM,2024-12-05 08:00 PM,,"JV @ 4:00 and Varsity @ 6
"
HS Wrestling @ Harpeth,2024-12-05 04:30 PM,2024-12-05 05:30 PM,"Harpeth Middle School (170 Harpeth View Trl, Kingston Springs, TN 37082, United States)","
"
MS Wrestling vs Harpeth DHw/HS at Harpeth,2024-12-05 04:30 PM,2024-12-05 06:30 PM,"Harpeth Middle School (170 Harpeth View Trl, Kingston Springs, TN 37082, United States)","
"
Mu Alpha Theta Meeting [In-person],2024-12-06 03:00 PM,2024-12-06 04:30 PM,,"
"
HS Basketball @ Clay County,2024-12-06 06:00 PM,2024-12-06 07:30 PM,"Clay County High School (860 Clay County Hwy, Celina, TN 38551, United States)","
"
MS Wrestling TMSAA Section at TBD,2024-12-07 04:30 PM,2024-12-07 06:30 PM,TBD,"
"
MS Basketball vs Coopertown at Home [In-person],2024-12-09 04:00 PM,2024-12-09 08:00 PM,,"JV @ 4:00 and Varsity @ 6
"
MS Wrestling vs. Fairview at Fairview,2024-12-09 05:30 PM,2024-12-09 07:30 PM,"Fairview Middle School (7200 Cumberland Dr, Fairview, TN 37062, United States)","
"
HS JV Basketball Vs Heritage,2024-12-10 03:30 PM,2024-12-10 05:00 PM,,"
"
HS Wrestling @ Liberty Creek & Springfield,2024-12-10 04:30 PM,2024-12-10 06:30 PM,"Liberty Creek High School (100 Wolfpack Way, Gallatin, TN 37066, United States)","
"
HS Basketball Vs. Heritage,2024-12-10 06:00 PM,2024-12-10 07:30 PM,"White House Heritage High School (7744 Highway 76 E, White House, TN 37188, United States)","
"
HS JV Basketball @ Portland,2024-12-12 03:30 PM,2024-12-12 05:00 PM,"Portland High School (600 College St, Portland, TN 37148, United States)","
"
HS Wrestling Vs. Goodpasture & Heritage,2024-12-12 04:30 PM,2024-12-12 06:30 PM,,"
"
MS Basketball at Macon County (No JV),2024-12-12 06:00 PM,2024-12-12 10:00 PM,Macon County ,"Varsity at 6
"
HS Basketball @ Portland,2024-12-12 06:00 PM,2024-12-12 07:30 PM,"Portland High School (600 College St, Portland, TN 37148, United States)","
"
HS JV Basketball Vs. White House,2024-12-13 03:30 PM,2024-12-13 05:00 PM,,"
"
"HS Wrestling @ Upperman, Polk Co. & Greenback",2024-12-13 05:00 PM,2024-12-13 07:00 PM,"Upperman High School (6950 Nashville Hwy, Baxter, TN 38544, United States)","
"
HS Basketball Vs. White House,2024-12-13 06:00 PM,2024-12-13 07:30 PM,,"
"
HS Freshman Basketball Vs Heritage & Westmoreland,2024-12-14 09:00 AM,2024-12-14 12:00 PM,,"
"
Mu Alpha Theta Winter Gathering and Meeting [In-person],2024-12-16 03:00 PM,2024-12-16 04:30 PM,,"Make sure to RSVP on Teams.
"
MS Basketball at Greenbrier Middle,2024-12-16 04:00 PM,2024-12-16 08:00 PM,"Greenbrier Middle School (2450 Highway 41 S, Greenbrier, TN 37073, United States)","JV @ 4:00 and Varsity @ 6
"
HS Wrestling @ Greenbrier & Watertown,2024-12-17 04:30 PM,2024-12-17 06:30 PM,"Greenbrier High School (126 Cuniff Dr, Greenbrier, TN 37073, United States)","
"
HS Basketball Vs. Pearl-Cohn,2024-12-17 06:00 PM,2024-12-17 07:30 PM,,"
"
HS Wrestling @ Dickson County TBA,2024-12-19 08:00 AM,2024-12-19 08:30 AM,"Creekwood High School (3499 Highway 47 N, Charlotte, TN 37036, United States)","
"
MS Basketball vs Jo Byrns at Home [In-person],2024-12-19 04:00 PM,2024-12-19 08:00 PM,,"JV @ 4:00 and Varsity @ 6
"
MS Wrestling vs. Dickson DH/HS at TBD,2024-12-19 05:30 PM,2024-12-19 07:30 PM,Dickson Co High School,"
"
HS Wrestling - County Cup @ Springfield TBA,2024-12-20 08:00 AM,2024-12-20 08:30 AM,"Springfield High School (5240 Highway 76 E, Springfield, TN 37172, United States)","
"
HS Basketball - H&H Holiday Hoopfest @ Logan County TBD,2024-12-20 08:00 AM,2024-12-20 08:30 AM,"Logan County High School (2200 Bowling Green Rd, Russellville, KY 42276, United States)","
"
HS Wrestling - Bruise Bros. Tournament @ Springfield TBA,2024-12-21 08:00 AM,2024-12-21 08:30 AM,"Springfield High School (5240 Highway 76 E, Springfield, TN 37172, United States)","
"
HS Basketball- H&H Holiday Hoopfest @ Logan CountyTBD,2024-12-21 08:00 AM,2024-12-21 08:30 AM,"Logan County High School (2200 Bowling Green Rd, Russellville, KY 42276, United States)","
"
HS Basketball - Big M Christmas Classic - ER TBD,2024-12-27 08:00 AM,2024-12-27 08:30 AM,,"
"
HS Basketball - Big M Christmas Classic - ER TBD,2024-12-28 08:00 AM,2024-12-28 08:30 AM,,"
"
Big M Christmas Classic - ER TBD,2024-12-30 08:00 AM,2024-12-30 08:30 AM,,"
"
HS Basketball Vs. Clay County,2025-01-03 02:00 PM,2025-01-03 03:30 PM,,"
"
MS Basketball vs Portland West at Home [In-person],2025-01-06 04:30 PM,2025-01-06 08:30 PM,,"JV @ 4:30 (Girls) and Varsity @ 6
"
HS JV Basketball Vs. Liberty Creek,2025-01-07 03:30 PM,2025-01-07 05:00 PM,,"
"
HS Wrestling @ White House & Liberty Creek,2025-01-07 04:30 PM,2025-01-07 06:30 PM,"White House High School (508 Tyree Springs Rd, White House, TN 37188, United States)","
"
HS Basketball @ Liberty Creek,2025-01-07 06:00 PM,2025-01-07 07:30 PM,,"
"
HS Wrestling @ Greenbrier,2025-01-08 01:30 PM,2025-01-08 03:00 PM,"Greenbrier High School (126 Cuniff Dr, Greenbrier, TN 37073, United States)","
"
HS Wrestling Vs. Gallatin & Stratford TBA,2025-01-09 08:00 AM,2025-01-09 08:30 AM,,"
"
MS Basketball at White House Middle,2025-01-09 04:00 PM,2025-01-09 08:00 PM,,"JV @ 4:00 and Varsity @ 6
"
HS JV Basketball Vs. Jo Byrns,2025-01-10 03:30 PM,2025-01-10 05:00 PM,,"
"
HS Basketball Vs. Jo Byrns,2025-01-10 06:00 PM,2025-01-10 07:30 PM,,"
"
HS Wrestling - Areil Rojas-Avila Memorial @ Sycamore TBA,2025-01-11 08:00 AM,2025-01-11 08:30 AM,"Sycamore High School (1021 Old Clarksville Pike, Pleasant View, TN 37146, United States)","
"
HS Freshman Basketball - Springfield Playday @ Springfield TBD,2025-01-11 08:00 AM,2025-01-11 08:30 AM,"Springfield High School (5240 Highway 76 E, Springfield, TN 37172, United States)","
"
RCMSSAA - 1st Round at Greenbrier Middle (Time TBD),2025-01-13 04:00 PM,2025-01-13 04:30 PM,"Greenbrier Middle School (2450 Highway 41 S, Greenbrier, TN 37073, United States)","
"
HS JV Basketball @ Heritage,2025-01-14 03:30 PM,2025-01-14 05:00 PM,"White House Heritage High School (7744 Highway 76 E, White House, TN 37188, United States)","
"
HS Wrestling Vs. Warren Co./Henderson/FCA,2025-01-14 05:00 PM,2025-01-14 07:00 PM,,"
"
HS Basketball @ Heritage,2025-01-14 06:00 PM,2025-01-14 07:30 PM,"White House Heritage High School (7744 Highway 76 E, White House, TN 37188, United States)","
"
HS Wrestling @ Pope John Paul II TBA,2025-01-16 08:00 AM,2025-01-16 08:30 AM,,"
"
RCMSSAA - Semi-Finals at Greenbrier Middle (Time TBD),2025-01-16 04:00 PM,2025-01-16 04:30 PM,"Greenbrier Middle School (2450 Highway 41 S, Greenbrier, TN 37073, United States)","
"
HS Wrestling Vs. Greenbrier,2025-01-17 01:30 PM,2025-01-17 03:00 PM,,"
"
HS JV Basketball @ Merrol Hyde,2025-01-17 03:45 PM,2025-01-17 05:15 PM,"Merrol Hyde Magnet School (128 Township Dr, Hendersonville, TN 37075, United States)","
"
HS Basketball @ Merrol Hyde,2025-01-17 06:00 PM,2025-01-17 07:30 PM,"Merrol Hyde Magnet School (128 Township Dr, Hendersonville, TN 37075, United States)","
"
RCMSSAA - Finals at Greenbrier Middle (Time TBD),2025-01-18 04:00 PM,2025-01-18 04:30 PM,"Greenbrier Middle School (2450 Highway 41 S, Greenbrier, TN 37073, United States)","
"
HS Wrestling - District 12 Duals - ER,2025-01-21 04:00 PM,2025-01-21 04:30 PM,,"
"
HS Wrestling - Region 6 Duals TBA,2025-01-23 08:00 AM,2025-01-23 08:30 AM,,"
"
HS Freshman Basketball @ White House,2025-01-23 06:00 PM,2025-01-23 07:30 PM,"White House High School (508 Tyree Springs Rd, White House, TN 37188, United States)","
"
HS Basketball Vs. Knowledge Academies,2025-01-24 06:00 PM,2025-01-24 07:30 PM,,"
"
HS Wrestling - Sectional Duals TBA,2025-01-25 08:00 AM,2025-01-25 08:30 AM,,"
"
HS Wrestling @ Friendship & Cascade TBA,2025-01-27 08:00 AM,2025-01-27 08:30 AM,"Friendship Christian School (5400 Coles Ferry Pike, Lebanon, TN 37087, United States)","
"
HS Freshman Basketball @ Heritage & Westmoreland,2025-01-27 05:00 PM,2025-01-27 08:00 PM,"White House Heritage High School (7744 Highway 76 E, White House, TN 37188, United States)","
"
HS JV Basketball @ Liberty Creek,2025-01-28 03:30 PM,2025-01-28 05:00 PM,"Liberty Creek High School (100 Wolfpack Way, Gallatin, TN 37066, United States)","
"
HS Basketball @ Liberty Creek,2025-01-28 06:00 PM,2025-01-28 07:30 PM,"Liberty Creek High School (100 Wolfpack Way, Gallatin, TN 37066, United States)","
"
HS Freshman Basketball @ Liberty Creek,2025-01-30 05:00 PM,2025-01-30 06:30 PM,"Liberty Creek High School (100 Wolfpack Way, Gallatin, TN 37066, United States)","
"
HS Wrestling - State Duals @ Williamson Ag TBA,2025-01-31 08:00 AM,2025-01-31 08:30 AM,"Williamson County Agricultural Expo (4215 Long Ln, Franklin, TN 37064, United States)","
"
HS JV Basketball @ Jo Byrns,2025-01-31 03:30 PM,2025-01-31 05:00 PM,"Jo Byrns High School (7025 Highway 41 N, Cedar Hill, TN 37032, United States)","
"
HS Basketball @ Jo Byrns,2025-01-31 06:00 PM,2025-01-31 07:30 PM,"Jo Byrns High School (7025 Highway 41 N, Cedar Hill, TN 37032, United States)","
"
HS Wrestling - State Tournament Duals @ Williamson Ag TBA,2025-02-01 08:00 AM,2025-02-01 08:30 AM,"Williamson County Agricultural Expo (4215 Long Ln, Franklin, TN 37064, United States)","
"
HS Freshman Basketball Vs. Liberty Creek,2025-02-03 05:00 PM,2025-02-03 06:30 PM,,"
"
HS JV Basketball Vs. Todd County,2025-02-04 06:00 PM,2025-02-04 07:30 PM,,"
"
HS Boys Basketball Vs. Todd County,2025-02-04 07:30 PM,2025-02-04 09:00 PM,,"
"
HS JV Basketball @ Greenbrier,2025-02-06 03:30 PM,2025-02-06 05:00 PM,"Greenbrier High School (126 Cuniff Dr, Greenbrier, TN 37073, United States)","
"
HS Basketball @ Greenbrier,2025-02-06 06:00 PM,2025-02-06 07:30 PM,"Greenbrier High School (126 Cuniff Dr, Greenbrier, TN 37073, United States)","
"
HS JV Basketball Vs. Merrol Hyde,2025-02-07 03:45 PM,2025-02-07 05:15 PM,,"
"
HS Basketball Vs. Merrol Hyde,2025-02-07 06:00 PM,2025-02-07 07:30 PM,,"
"
HS Wrestling Individual Regionals TBA,2025-02-08 08:00 AM,2025-02-08 08:30 AM,,"
"
HS JV Basketball @ White House,2025-02-13 03:30 PM,2025-02-13 05:00 PM,"White House High School (508 Tyree Springs Rd, White House, TN 37188, United States)","
"
HS Basketball @ White House,2025-02-13 06:00 PM,2025-02-13 07:30 PM,"White House High School (508 Tyree Springs Rd, White House, TN 37188, United States)","
"
HS Basketball @ Knowledge Academies,2025-02-14 06:00 PM,2025-02-14 07:30 PM,"Knowledge Academies (5320 Hickory Hollow Pkwy, Nashville, TN 37013, United States)","
"
HS Wrestling Individual Sectionals TBA,2025-02-15 08:00 AM,2025-02-15 08:30 AM,,"
"
TSSAA District Tournaments - Girls' Semifinal - ER,2025-02-20 06:00 PM,2025-02-20 07:00 PM,,"
"
HS Wrestling Individual State @ Williamson Ag TBA,2025-02-21 08:00 AM,2025-02-21 08:30 AM,"Williamson County Agricultural Expo (4215 Long Ln, Franklin, TN 37064, United States)","
"
TSSAA District Tournament - Boys' Semifinal - ER,2025-02-21 06:00 PM,2025-02-21 07:00 PM,,"
"
HS Wrestling Individual State @ Williamson Ag TBA,2025-02-22 08:00 AM,2025-02-22 08:30 AM,"Williamson County Agricultural Expo (4215 Long Ln, Franklin, TN 37064, United States)","
"
TSSAA Tournament - Girls' Consolation & Final,2025-02-22 08:00 AM,2025-02-22 08:30 AM,,"
"
TSSAA Tournament - Boys' Consolation & Final,2025-02-24 06:00 PM,2025-02-24 07:00 PM,,"
"
TSSAA Girls' Region Quarterfinal - TBD,2025-02-28 08:00 AM,2025-02-28 08:30 AM,,"
"
TSSAA Boys' Region Quarterfinal - TBD,2025-03-01 08:00 AM,2025-03-01 08:30 AM,,"
"
TSSAA Girls Region Semifinal - Livingston Academy TBD,2025-03-03 08:00 AM,2025-03-03 08:30 AM,"Livingston Academy (120 Melvin Johnson Dr, Livingston, TN 38570, United States)","
"
TSSAA Boys' Region Quarterfinal - Livingston Academy TBD,2025-03-04 08:00 AM,2025-03-04 08:30 AM,"Livingston Academy (120 Melvin Johnson Dr, Livingston, TN 38570, United States)","
"
TSSAA Girls' Region Final - Livingston Academy TBD,2025-03-05 08:00 AM,2025-03-05 08:30 AM,"Livingston Academy (120 Melvin Johnson Dr, Livingston, TN 38570, United States)","
"
TSSAA Boys' Region Finals - Livingston Academy TBD,2025-03-06 08:00 AM,2025-03-06 08:30 AM,"Livingston Academy (120 Melvin Johnson Dr, Livingston, TN 38570, United States)","
"
HS Volleyball vs White House Heritage,2025-08-18 01:30 PM,2025-08-18 03:30 PM,"White House Heritage High School (7744 Highway 76 E, White House, TN 37188, United States)","V - 1:30pm, JV - After
"
Golf vs South Haven,2025-08-18 03:30 PM,2025-08-18 06:00 PM,,"Location: Oak Hills
"
MS Volleyball vs Heritage,2025-08-18 05:00 PM,2025-08-18 07:00 PM,"East Robertson High School (158 Kilgore Trce, Cross Plains, TN 37049, United States)","JV starts @ 5:00pm
"
HS Volleyball vs Westmoreland,2025-08-19 05:00 PM,2025-08-19 07:00 PM,"East Robertson High School (158 Kilgore Trce, Cross Plains, TN 37049, United States)","JV - 5:00pm, V - 6:00pm
"
HS Girls Soccer vs Kenwood HS,2025-08-19 06:30 PM,2025-08-19 08:00 PM,"East Robertson High School (158 Kilgore Trce, Cross Plains, TN 37049, United States)","
"
MS Volleyball vs Greenbrier Middle,2025-08-20 05:00 PM,2025-08-20 07:00 PM,"East Robertson High School (158 Kilgore Trce, Cross Plains, TN 37049, United States)","JV starts at 5:00pm
"
Golf vs Liberty Creek & Springfield,2025-08-21 03:30 PM,2025-08-21 06:00 PM,,"Location: Kenny Perry
"
HS Girls Soccer @ Greenbrier HS,2025-08-21 06:00 PM,2025-08-21 07:30 PM,"Greenbrier High School (126 Cuniff Dr, Greenbrier, TN 37073, United States)","
"
MS Football @ Mount Juliet MS,2025-08-21 06:30 PM,2025-08-21 08:30 PM,,"
"
HS Football @ Liberty Creek,2025-08-22,2025-08-23,,"
"
HS Volleyball - Block Party Tournament (Varsity only),2025-08-23,2025-08-24,,"Location: Portland

Time: TBD
"
Golf - Robertson County Cup,2025-08-25 11:00 AM,2025-08-25 01:00 PM,,"Location: The Legacy
"
MS Volleyball @ Jo Byrns,2025-08-25 05:00 PM,2025-08-25 07:00 PM,"Jo Byrns High School (7025 Highway 41 N, Cedar Hill, TN 37032, United States)","JV starts at 5:00pm
"
HS JV Football vs Liberty Creek,2025-08-25 06:00 PM,2025-08-25 08:30 PM,,"
"
HS Girls Soccer vs Franklin Simpson HS,2025-08-25 06:00 PM,2025-08-25 07:30 PM,"East Robertson High School (158 Kilgore Trce, Cross Plains, TN 37049, United States)","
"
HS Volleyball vs Jo Byrns,2025-08-26 05:00 PM,2025-08-26 07:00 PM,"Jo Byrns High School (7025 Highway 41 N, Cedar Hill, TN 37032, United States)","JV - 5PM, V - 6pm
"
MS Volleyball @ Cheatham County MS,2025-08-26 05:00 PM,2025-08-26 07:00 PM,"Cheatham Middle School (700 Scoutview Rd, Ashland City, TN 37015, United States)","JV starts at 5:00pm
"
MS Football vs Innovation Academy,2025-08-26 06:30 PM,2025-08-26 08:30 PM,"East Robertson High School (158 Kilgore Trce, Cross Plains, TN 37049, United States)","
"
MS Volleyball @ Heritage,2025-08-27 05:00 PM,2025-08-27 07:00 PM,"White House Heritage High School (7744 Highway 76 E, White House, TN 37188, United States)","JV starts at 5:00pm
"
Golf vs Westmoreland,2025-08-28 03:30 PM,2025-08-28 06:00 PM,,"Location: Kenny Perry
"
HS Volleyball vs Innovation Academy,2025-08-28 05:00 PM,2025-08-28 07:00 PM,"East Robertson High School (158 Kilgore Trce, Cross Plains, TN 37049, United States)","JV - 5pm, V - 6pm
"
HS Girls Soccer vs Russellville HS,2025-08-28 06:30 PM,2025-08-28 08:00 PM,"East Robertson High School (158 Kilgore Trce, Cross Plains, TN 37049, United States)","
"
HS Football vs JP2,2025-08-29 07:00 PM,2025-08-29 09:30 PM,"East Robertson High School (158 Kilgore Trce, Cross Plains, TN 37049, United States)","
"
HS Volleyball vs Gordonsville,2025-09-02 05:00 PM,2025-09-02 07:00 PM,"East Robertson High School (158 Kilgore Trce, Cross Plains, TN 37049, United States)","JV - 5pm, V - 6pm
"
MS Football @ Coopertown MS,2025-09-02 06:30 PM,2025-09-02 08:30 PM,"Coopertown Middle School (3820 Highway 49 W, Springfield, TN 37172, United States)","
"
HS Volleyball vs Merrol Hyde,2025-09-03 05:00 PM,2025-09-03 07:00 PM,,"JV - 5pm, V - 6pm
"
MS Volleyball vs Innovation Academy,2025-09-03 05:00 PM,2025-09-03 07:00 PM,"East Robertson High School (158 Kilgore Trce, Cross Plains, TN 37049, United States)","JV starts at 5:00pm
"
HS Girls Soccer @ Mc Gavock HS,2025-09-03 05:30 PM,2025-09-03 06:00 PM,,"
"
Golf vs Jo Bryns,2025-09-04 03:30 PM,2025-09-04 04:00 PM,,"Location: Nashville National
"
HS Volleyball vs Trousdale County,2025-09-04 05:00 PM,2025-09-04 07:00 PM,,"JV - 5pm, V - 6pm
"
HS Girls Soccer vs Hunters Lane HS,2025-09-04 06:00 PM,2025-09-04 07:30 PM,"East Robertson High School (158 Kilgore Trce, Cross Plains, TN 37049, United States)","
"
HS Football @ Jo Byrns HS,2025-09-05,2025-09-06,"Jo Byrns High School (7025 Highway 41 N, Cedar Hill, TN 37032, United States)","
"
HS Volleyball - Wolf Pack Classic (Varsity Only),2025-09-06,2025-09-07,"Liberty Creek High School (100 Wolfpack Way, Gallatin, TN 37066, United States)","Details to be determined.
"
Golf - Springfield Invitational,2025-09-08,2025-09-09,,"Time: TBD

Location: The legacy
"
MS Volleyball vs Coopertown MS,2025-09-08 05:00 PM,2025-09-08 07:00 PM,"East Robertson High School (158 Kilgore Trce, Cross Plains, TN 37049, United States)","JV starts at 5:00pm
"
HS Girls Soccer vs Stratford HS,2025-09-08 06:00 PM,2025-09-08 07:30 PM,"East Robertson High School (158 Kilgore Trce, Cross Plains, TN 37049, United States)","
"
HS Volleyball vs Smith County,2025-09-09 05:00 PM,2025-09-09 07:00 PM,,"JV - 5PM, V - 6PM
"
HS Girls Soccer vs Harpeth HS,2025-09-09 06:00 PM,2025-09-09 07:30 PM,"East Robertson High School (158 Kilgore Trce, Cross Plains, TN 37049, United States)","
"
MS Football vs Greenbrier,2025-09-09 06:30 PM,2025-09-09 08:30 PM,"East Robertson High School (158 Kilgore Trce, Cross Plains, TN 37049, United States)","
"
MS Volleyball @ Greenbrier Middle,2025-09-10 05:00 PM,2025-09-10 07:00 PM,"Greenbrier Middle School (2450 Highway 41 S, Greenbrier, TN 37073, United States)","JV starts at 5:00pm
"
HS Volleyball vs Jo Byrns,2025-09-11 08:00 AM,2025-09-11 08:30 AM,"East Robertson High School (158 Kilgore Trce, Cross Plains, TN 37049, United States)","JV - 5PM, V - 6PM
"
Golf vs Merrol Hyde & Jo Byrns,2025-09-11 03:30 PM,2025-09-11 06:00 PM,,"Location: Kenny Perry
"
HS Girls Soccer @ Glencliff HS,2025-09-11 06:00 PM,2025-09-11 07:30 PM,,"
"
MS Volleyball @ Hawkins MS,2025-09-12 04:30 PM,2025-09-12 06:30 PM,,"JV starts at 4:30pm
"
HS Football vs Portland,2025-09-12 07:00 PM,2025-09-12 09:30 PM,"East Robertson High School (158 Kilgore Trce, Cross Plains, TN 37049, United States)","
"
MS Volleyball - Robertson County Tournament,2025-09-15,2025-09-18,"White House Heritage High School (7744 Highway 76 E, White House, TN 37188, United States)","Details to be determined.
"
HS JV Football @ Portland,2025-09-15,2025-09-16,,"
"
Golf vs Stewart County & McEwen,2025-09-16 04:00 PM,2025-09-16 06:30 PM,,"Location: Paris Landing
"
HS Volleyball vs Innovation Academy,2025-09-16 05:00 PM,2025-09-16 07:00 PM,,"JV - 5pm, V - 6pm
"
HS Girls Soccer vs Springfield High School,2025-09-16 06:00 PM,2025-09-16 07:30 PM,,"
"
MS Football @ White House Heritage,2025-09-16 06:30 PM,2025-09-16 08:30 PM,"White House Heritage High School (7744 Highway 76 E, White House, TN 37188, United States)","
"
Golf vs White House Heritage,2025-09-18 02:00 PM,2025-09-18 04:30 PM,,"Location: Kenny Perry
"
HS Volleyball vs Gordonsville,2025-09-18 05:00 PM,2025-09-18 07:00 PM,,"JV - 5PM, V - 6PM
"
HS Girls Soccer @ Maplewood HS,2025-09-18 06:00 PM,2025-09-18 07:30 PM,,"
"
HS Football @ Kirkwood,2025-09-19,2025-09-20,,"
"
HS Volleyball vs White House,2025-09-22 05:00 PM,2025-09-22 07:00 PM,,"JV - 5PM, V - 6PM
"
HS Volleyball vs Trousdale County,2025-09-23 05:00 PM,2025-09-23 07:00 PM,"East Robertson High School (158 Kilgore Trce, Cross Plains, TN 37049, United States)","JV - 5pm, V - 6PM
"
HS Girls Soccer vs Waverly Central HS,2025-09-23 06:00 PM,2025-09-23 07:30 PM,,"
"
MS Football @ Jo Byrns,2025-09-23 06:30 PM,2025-09-23 08:30 PM,"Jo Byrns High School (7025 Highway 41 N, Cedar Hill, TN 37032, United States)","
"
Golf - District 9 Tournament,2025-09-25,2025-09-26,,"Location: Oak Hills Golf Course
"
HS Volleyball vs Smith County,2025-09-25 05:00 PM,2025-09-25 07:00 PM,"East Robertson High School (158 Kilgore Trce, Cross Plains, TN 37049, United States)","JV - 5PM, V - 6PM
"
HS Girls Soccer vs Merrol Hyde Magnet,2025-09-25 07:00 PM,2025-09-25 08:30 PM,"East Robertson High School (158 Kilgore Trce, Cross Plains, TN 37049, United States)","
"
HS Football vs Hickman,2025-09-26 07:00 PM,2025-09-26 09:30 PM,"East Robertson High School (158 Kilgore Trce, Cross Plains, TN 37049, United States)","
"
HS Volleyball White House Heritage,2025-09-29 01:30 PM,2025-09-29 03:30 PM,"East Robertson High School (158 Kilgore Trce, Cross Plains, TN 37049, United States)","V - 1:30pm, JV - After
"
HS JV Football vs Westmoreland,2025-09-29 06:00 PM,2025-09-29 08:30 PM,"East Robertson High School (158 Kilgore Trce, Cross Plains, TN 37049, United States)","
"
Golf - Region Tournament,2025-09-30,2025-10-01,,"Location: Twelve Stones
"
HS Volleyball vs Portland,2025-09-30 05:00 PM,2025-09-30 07:00 PM,,"JV - 5pm, V - 6pm
"
HS Girls Soccer @ Mcewen HS,2025-09-30 06:00 PM,2025-09-30 07:30 PM,,"
"
HS Volleyball vs Sycamore,2025-10-01 05:00 PM,2025-10-01 07:00 PM,"East Robertson High School (158 Kilgore Trce, Cross Plains, TN 37049, United States)","JV - 5pm, V - 6pm
"
HS Volleyball vs Greenbrier,2025-10-02 05:00 PM,2025-10-02 07:00 PM,"Greenbrier High School (126 Cuniff Dr, Greenbrier, TN 37073, United States)","JV - 5PM, V - 6PM
"
HS Football vs East Hickman,2025-10-03 07:00 PM,2025-10-03 09:30 PM,"East Robertson High School (158 Kilgore Trce, Cross Plains, TN 37049, United States)","
"
HS Volleyball JV District Tournament,2025-10-04,2025-10-05,,"Details to be determined.
"
HS Volleyball Varsity Tournament,2025-10-06,2025-10-09,,"Location: Gordonsville.

Details to be determined.
"
HS JV Football vs Greenbrier,2025-10-06 06:00 PM,2025-10-06 08:30 PM,"East Robertson High School (158 Kilgore Trce, Cross Plains, TN 37049, United States)","
"
HS Girls Soccer @ CCHS (White House),2025-10-07 04:30 PM,2025-10-07 06:00 PM,,"
"
HS Girls Soccer @ White House Heritage HS,2025-10-09 06:00 PM,2025-10-09 07:30 PM,,"
"
HS Football @ Houston Co,2025-10-10,2025-10-11,,"
"
HS Volleyball Regionals,2025-10-14,2025-10-15,,"Details to be determined.
"
HS Volleyball Regionals,2025-10-16,2025-10-17,,"Details to be determined.
"
HS Volleyball State Tournament,2025-10-21,2025-10-25,,"Details to be determined.
"
Chilli-Cook Off hosted by MS Student Council [In-person],2025-10-24 05:00 PM,2025-10-24 06:30 PM,East Robertson Cafe,"Location ERHS Cafeteria
Get ready for a flavorful kickoff to Friday night lights! The East Robertson Middle School Student Council is turning up the heat with a Chili Cook-Off just before the big football game. Students, parents, and community members are invited to come out and sample a variety of homemade chili recipes—all crafted by our Cross Plains community. The fee is $5 per person or $20 per organization to enter.
🎉 Event Highlights:

  *
Tasting stations with various chili varieties
  *
Judging panel featuring local leaders
  *
First, Second, and Third place winners
  *
People's Choice voting for fan-favorite chili
  *
Music and activities
  *
Perfect warm-up before cheering on the Indians under the Friday night lights

Proceeds from the cook-off will support future Student Council initiatives, so every bite helps build a better school community. Come hungry, bring your team spirit, and let’s spice up game night together!

"
HS Football vs Greenwood KY,2025-10-24 07:00 PM,2025-10-24 09:30 PM,"East Robertson High School (158 Kilgore Trce, Cross Plains, TN 37049, United States)","
"
HS Football @ East Nashville,2025-10-31,2025-11-01,,"
"
MS Choir Concert,2025-12-02 05:00 PM,2025-12-02 07:00 PM,,"Join us for our Middle School Christmas Concert at 5 pm in the auditorium
"
HS Choir Concert,2025-12-04 05:00 PM,2025-12-04 07:00 PM,,"Join us for the High School Christmas Choir Concert at 5 pm in the auditorium!
"
